href,anchor_text,total_occurence
https://www.geeksforgeeks.org/python-accessing-key-value-in-dictionary/,Skip to content,1
https://www.geeksforgeeks.org/python-accessing-key-value-in-dictionary/,Asymptotic Analysis,1
https://www.geeksforgeeks.org/python-accessing-key-value-in-dictionary/,"Worst, Average and Best Cases",1
https://www.geeksforgeeks.org/python-accessing-key-value-in-dictionary/,Asymptotic Notations,1
https://www.geeksforgeeks.org/python-accessing-key-value-in-dictionary/,Little o and little omega notations,1
https://www.geeksforgeeks.org/python-accessing-key-value-in-dictionary/,Lower and Upper Bound Theory,1
https://www.geeksforgeeks.org/python-accessing-key-value-in-dictionary/,Analysis of Loops,1
https://www.geeksforgeeks.org/python-accessing-key-value-in-dictionary/,Solving Recurrences,1
https://www.geeksforgeeks.org/python-accessing-key-value-in-dictionary/,Amortized Analysis,1
https://www.geeksforgeeks.org/python-accessing-key-value-in-dictionary/,What does 'Space Complexity' mean ?,1
https://www.geeksforgeeks.org/python-accessing-key-value-in-dictionary/,Pseudo-polynomial Algorithms,1
https://www.geeksforgeeks.org/python-accessing-key-value-in-dictionary/,Polynomial Time Approximation Scheme,1
https://www.geeksforgeeks.org/python-accessing-key-value-in-dictionary/,A Time Complexity Question,1
https://www.geeksforgeeks.org/python-accessing-key-value-in-dictionary/,Searching Algorithms,1
https://www.geeksforgeeks.org/python-accessing-key-value-in-dictionary/,Sorting Algorithms,1
https://www.geeksforgeeks.org/python-accessing-key-value-in-dictionary/,Graph Algorithms,1
https://www.geeksforgeeks.org/python-accessing-key-value-in-dictionary/,Pattern Searching,1
https://www.geeksforgeeks.org/python-accessing-key-value-in-dictionary/,Geometric Algorithms,1
https://www.geeksforgeeks.org/python-accessing-key-value-in-dictionary/,Mathematical,1
https://www.geeksforgeeks.org/python-accessing-key-value-in-dictionary/,Randomized Algorithms,1
https://www.geeksforgeeks.org/python-accessing-key-value-in-dictionary/,Greedy Algorithms,1
https://www.geeksforgeeks.org/python-accessing-key-value-in-dictionary/,Dynamic Programming,1
https://www.geeksforgeeks.org/python-accessing-key-value-in-dictionary/,Divide and Conquer,1
https://www.geeksforgeeks.org/python-accessing-key-value-in-dictionary/,Backtracking,1
https://www.geeksforgeeks.org/python-accessing-key-value-in-dictionary/,Branch and Bound,1
https://www.geeksforgeeks.org/python-accessing-key-value-in-dictionary/,All Algorithms,1
https://www.geeksforgeeks.org/python-accessing-key-value-in-dictionary/,Arrays,1
https://www.geeksforgeeks.org/python-accessing-key-value-in-dictionary/,Linked List,1
https://www.geeksforgeeks.org/python-accessing-key-value-in-dictionary/,Stack,1
https://www.geeksforgeeks.org/python-accessing-key-value-in-dictionary/,Queue,1
https://www.geeksforgeeks.org/python-accessing-key-value-in-dictionary/,Binary Tree,1
https://www.geeksforgeeks.org/python-accessing-key-value-in-dictionary/,Binary Search Tree,1
https://www.geeksforgeeks.org/python-accessing-key-value-in-dictionary/,Heap,1
https://www.geeksforgeeks.org/python-accessing-key-value-in-dictionary/,Hashing,1
https://www.geeksforgeeks.org/python-accessing-key-value-in-dictionary/,Graph,1
https://www.geeksforgeeks.org/python-accessing-key-value-in-dictionary/,Advanced Data Structure,1
https://www.geeksforgeeks.org/python-accessing-key-value-in-dictionary/,Matrix,1
https://www.geeksforgeeks.org/python-accessing-key-value-in-dictionary/,Strings,1
https://www.geeksforgeeks.org/python-accessing-key-value-in-dictionary/,All Data Structures,1
https://www.geeksforgeeks.org/python-accessing-key-value-in-dictionary/,C,1
https://www.geeksforgeeks.org/python-accessing-key-value-in-dictionary/,C++,1
https://www.geeksforgeeks.org/python-accessing-key-value-in-dictionary/,Java,1
https://www.geeksforgeeks.org/python-accessing-key-value-in-dictionary/,Python,2
https://www.geeksforgeeks.org/python-accessing-key-value-in-dictionary/,C#,1
https://www.geeksforgeeks.org/python-accessing-key-value-in-dictionary/,Javascript,2
https://www.geeksforgeeks.org/python-accessing-key-value-in-dictionary/,jQuery,2
https://www.geeksforgeeks.org/python-accessing-key-value-in-dictionary/,SQL,1
https://www.geeksforgeeks.org/python-accessing-key-value-in-dictionary/,PHP,2
https://www.geeksforgeeks.org/python-accessing-key-value-in-dictionary/,Scala,1
https://www.geeksforgeeks.org/python-accessing-key-value-in-dictionary/,Perl,1
https://www.geeksforgeeks.org/python-accessing-key-value-in-dictionary/,Go Language,1
https://www.geeksforgeeks.org/python-accessing-key-value-in-dictionary/,HTML,2
https://www.geeksforgeeks.org/python-accessing-key-value-in-dictionary/,CSS,2
https://www.geeksforgeeks.org/python-accessing-key-value-in-dictionary/,Kotlin,1
https://www.geeksforgeeks.org/python-accessing-key-value-in-dictionary/,Company Preparation,1
https://www.geeksforgeeks.org/python-accessing-key-value-in-dictionary/,Top Topics,1
https://www.geeksforgeeks.org/python-accessing-key-value-in-dictionary/,Practice Company Questions,1
https://www.geeksforgeeks.org/python-accessing-key-value-in-dictionary/,Interview Experiences,1
https://www.geeksforgeeks.org/python-accessing-key-value-in-dictionary/,Experienced Interviews,1
https://www.geeksforgeeks.org/python-accessing-key-value-in-dictionary/,Internship Interviews,1
https://www.geeksforgeeks.org/python-accessing-key-value-in-dictionary/,Competititve Programming,2
https://www.geeksforgeeks.org/python-accessing-key-value-in-dictionary/,Design Patterns,1
https://www.geeksforgeeks.org/python-accessing-key-value-in-dictionary/,Multiple Choice Quizzes,1
https://www.geeksforgeeks.org/python-accessing-key-value-in-dictionary/,GATE CS Notes 2021,1
https://www.geeksforgeeks.org/python-accessing-key-value-in-dictionary/,Last Minute Notes,1
https://www.geeksforgeeks.org/python-accessing-key-value-in-dictionary/,GATE CS Solved Papers,1
https://www.geeksforgeeks.org/python-accessing-key-value-in-dictionary/,GATE CS Original Papers and Official Keys,1
https://www.geeksforgeeks.org/python-accessing-key-value-in-dictionary/,GATE 2021 Dates,1
https://www.geeksforgeeks.org/python-accessing-key-value-in-dictionary/,GATE CS 2021 Syllabus,1
https://www.geeksforgeeks.org/python-accessing-key-value-in-dictionary/,Important Topics for GATE CS,1
https://www.geeksforgeeks.org/python-accessing-key-value-in-dictionary/,Sudo GATE 2021,1
https://www.geeksforgeeks.org/python-accessing-key-value-in-dictionary/,ISRO CS Solved Papers,1
https://www.geeksforgeeks.org/python-accessing-key-value-in-dictionary/,ISRO CS Original Papers and Official Keys,1
https://www.geeksforgeeks.org/python-accessing-key-value-in-dictionary/,ISRO CS Syllabus for Scientist/Engineer Exam,1
https://www.geeksforgeeks.org/python-accessing-key-value-in-dictionary/,UGC NET CS Notes Paper II,1
https://www.geeksforgeeks.org/python-accessing-key-value-in-dictionary/,UGC NET CS Notes Paper III,1
https://www.geeksforgeeks.org/python-accessing-key-value-in-dictionary/,UGC NET CS Solved Papers,1
https://www.geeksforgeeks.org/python-accessing-key-value-in-dictionary/,Mathematics,1
https://www.geeksforgeeks.org/python-accessing-key-value-in-dictionary/,Operating System,1
https://www.geeksforgeeks.org/python-accessing-key-value-in-dictionary/,DBMS,1
https://www.geeksforgeeks.org/python-accessing-key-value-in-dictionary/,Computer Networks,1
https://www.geeksforgeeks.org/python-accessing-key-value-in-dictionary/,Computer Organization and Architecture,1
https://www.geeksforgeeks.org/python-accessing-key-value-in-dictionary/,Theory of Computation,1
https://www.geeksforgeeks.org/python-accessing-key-value-in-dictionary/,Compiler Design,1
https://www.geeksforgeeks.org/python-accessing-key-value-in-dictionary/,Digital Logic,1
https://www.geeksforgeeks.org/python-accessing-key-value-in-dictionary/,Software Engineering,1
https://www.geeksforgeeks.org/python-accessing-key-value-in-dictionary/,Campus Ambassador Program,1
https://www.geeksforgeeks.org/python-accessing-key-value-in-dictionary/,Project,1
https://www.geeksforgeeks.org/python-accessing-key-value-in-dictionary/,Geek of the Month,1
https://www.geeksforgeeks.org/python-accessing-key-value-in-dictionary/,Campus Geek of the Month,1
https://www.geeksforgeeks.org/python-accessing-key-value-in-dictionary/,Placement Course,1
https://www.geeksforgeeks.org/python-accessing-key-value-in-dictionary/,Testimonials,1
https://www.geeksforgeeks.org/python-accessing-key-value-in-dictionary/,Geek on the Top,1
https://www.geeksforgeeks.org/python-accessing-key-value-in-dictionary/,Careers,2
https://www.geeksforgeeks.org/python-accessing-key-value-in-dictionary/,Internship,1
https://www.geeksforgeeks.org/python-accessing-key-value-in-dictionary/,Apply for Jobs,1
https://www.geeksforgeeks.org/python-accessing-key-value-in-dictionary/,Post a Job,1
https://www.geeksforgeeks.org/python-accessing-key-value-in-dictionary/,Courses,3
https://www.geeksforgeeks.org/python-accessing-key-value-in-dictionary/,Geeks Digest,1
https://www.geeksforgeeks.org/python-accessing-key-value-in-dictionary/,Technical Scripter,1
https://www.geeksforgeeks.org/python-accessing-key-value-in-dictionary/,Campus Mantri,1
https://www.geeksforgeeks.org/python-accessing-key-value-in-dictionary/,Geeks Campus,1
https://www.geeksforgeeks.org/python-accessing-key-value-in-dictionary/,Workshop and Webinar,1
https://www.geeksforgeeks.org/python-accessing-key-value-in-dictionary/,Gblog Articles,1
https://www.geeksforgeeks.org/python-accessing-key-value-in-dictionary/,Quizzes,1
https://www.geeksforgeeks.org/python-accessing-key-value-in-dictionary/,GeeksforGeeks Premium,1
https://www.geeksforgeeks.org/python-accessing-key-value-in-dictionary/,Home,1
https://www.geeksforgeeks.org/python-accessing-key-value-in-dictionary/,GBlog,1
https://www.geeksforgeeks.org/python-accessing-key-value-in-dictionary/,Puzzles,1
https://www.geeksforgeeks.org/python-accessing-key-value-in-dictionary/,What's New ?,1
https://www.geeksforgeeks.org/python-accessing-key-value-in-dictionary/,Python | Get key from value in Dictionary,2
https://www.geeksforgeeks.org/python-accessing-key-value-in-dictionary/,Python | Accessing Key-value in Dictionary,1
https://www.geeksforgeeks.org/python-accessing-key-value-in-dictionary/,Python Dictionary keys() method,2
https://www.geeksforgeeks.org/python-accessing-key-value-in-dictionary/,Python | Get dictionary keys as a list,1
https://www.geeksforgeeks.org/python-accessing-key-value-in-dictionary/,Python | Get values of particular key in list of dictionaries,1
https://www.geeksforgeeks.org/python-accessing-key-value-in-dictionary/,Python | Find dictionary matching value in list,1
https://www.geeksforgeeks.org/python-accessing-key-value-in-dictionary/,Python | Substring Key match in dictionary,1
https://www.geeksforgeeks.org/python-accessing-key-value-in-dictionary/,Python | Prefix key match in dictionary,1
https://www.geeksforgeeks.org/python-accessing-key-value-in-dictionary/,Python Dictionary items() method,1
https://www.geeksforgeeks.org/python-accessing-key-value-in-dictionary/,Python dictionary | values(),1
https://www.geeksforgeeks.org/python-accessing-key-value-in-dictionary/,Get() method for dictionaries in Python,1
https://www.geeksforgeeks.org/python-accessing-key-value-in-dictionary/,G-Fact 19 (Logical and Bitwise Not Operators on Boolean),1
https://www.geeksforgeeks.org/python-accessing-key-value-in-dictionary/,Ternary Operator in Python,1
https://www.geeksforgeeks.org/python-accessing-key-value-in-dictionary/,Division Operators in Python,1
https://www.geeksforgeeks.org/python-accessing-key-value-in-dictionary/,Operator Overloading in Python,1
https://www.geeksforgeeks.org/python-accessing-key-value-in-dictionary/,Any All in Python,1
https://www.geeksforgeeks.org/python-accessing-key-value-in-dictionary/,Operator Functions in Python | Set 1,1
https://www.geeksforgeeks.org/python-accessing-key-value-in-dictionary/,Operator Functions in Python | Set 2,1
https://www.geeksforgeeks.org/python-accessing-key-value-in-dictionary/,Difference between == and is operator in Python,1
https://www.geeksforgeeks.org/python-accessing-key-value-in-dictionary/,Python Membership and Identity Operators,1
https://www.geeksforgeeks.org/python-accessing-key-value-in-dictionary/,"Python | Set 3 (Strings, Lists, Tuples, Iterations)",1
https://www.geeksforgeeks.org/python-accessing-key-value-in-dictionary/,Python String,1
https://www.geeksforgeeks.org/python-accessing-key-value-in-dictionary/,Python Lists,1
https://www.geeksforgeeks.org/python-accessing-key-value-in-dictionary/,Python Tuples,1
https://www.geeksforgeeks.org/python-accessing-key-value-in-dictionary/,Python Sets,1
https://www.geeksforgeeks.org/python-accessing-key-value-in-dictionary/,Adding new column to existing DataFrame in Pandas,1
https://www.geeksforgeeks.org/python-accessing-key-value-in-dictionary/,Python map() function,1
https://www.geeksforgeeks.org/python-accessing-key-value-in-dictionary/,Taking input in Python,1
https://www.geeksforgeeks.org/python-accessing-key-value-in-dictionary/,Iterate over a list in Python,1
https://www.geeksforgeeks.org/python-accessing-key-value-in-dictionary/,Python program to convert a list to string,1
https://www.geeksforgeeks.org/python-accessing-key-value-in-dictionary/,Dictionary,1
https://www.geeksforgeeks.org/python-accessing-key-value-in-dictionary/,Python Programming Foundation,1
https://www.geeksforgeeks.org/python-accessing-key-value-in-dictionary/,Python DS,1
https://www.geeksforgeeks.org/python-accessing-key-value-in-dictionary/,manjeet_04,1
https://www.geeksforgeeks.org/python-accessing-key-value-in-dictionary/,@manjeet_04,1
https://www.geeksforgeeks.org/python-accessing-key-value-in-dictionary/,Python dictionary-programs,1
https://www.geeksforgeeks.org/python-accessing-key-value-in-dictionary/,python-dict,2
https://www.geeksforgeeks.org/python-accessing-key-value-in-dictionary/,Report Issue,1
https://www.geeksforgeeks.org/python-accessing-key-value-in-dictionary/,How to get column names in Pandas dataframe,1
https://www.geeksforgeeks.org/python-accessing-key-value-in-dictionary/,Reading and Writing to text files in Python,1
https://www.geeksforgeeks.org/python-accessing-key-value-in-dictionary/,Read a file line by line in Python,1
https://www.geeksforgeeks.org/python-accessing-key-value-in-dictionary/,Python | Get a list as input from user,1
https://www.geeksforgeeks.org/python-accessing-key-value-in-dictionary/,"isupper(), islower(), lower(), upper() in Python and their applications",1
https://www.geeksforgeeks.org/python-accessing-key-value-in-dictionary/,Python String | replace(),1
https://www.geeksforgeeks.org/python-accessing-key-value-in-dictionary/,Convert integer to string in Python,1
https://www.geeksforgeeks.org/python-accessing-key-value-in-dictionary/,sum() function in Python,1
https://www.geeksforgeeks.org/python-accessing-key-value-in-dictionary/,Different ways to create Pandas Dataframe,1
https://www.geeksforgeeks.org/python-accessing-key-value-in-dictionary/,Graph Plotting in Python | Set 1,1
https://www.geeksforgeeks.org/python-accessing-key-value-in-dictionary/,ide.geeksforgeeks.org,1
https://www.geeksforgeeks.org/python-accessing-key-value-in-dictionary/,feedback@geeksforgeeks.org,1
https://www.geeksforgeeks.org/python-accessing-key-value-in-dictionary/,About Us,1
https://www.geeksforgeeks.org/python-accessing-key-value-in-dictionary/,Privacy Policy,2
https://www.geeksforgeeks.org/python-accessing-key-value-in-dictionary/,Contact Us,1
https://www.geeksforgeeks.org/python-accessing-key-value-in-dictionary/,Copyright Policy,1
https://www.geeksforgeeks.org/python-accessing-key-value-in-dictionary/,Algorithms,1
https://www.geeksforgeeks.org/python-accessing-key-value-in-dictionary/,Data Structures,1
https://www.geeksforgeeks.org/python-accessing-key-value-in-dictionary/,Languages,1
https://www.geeksforgeeks.org/python-accessing-key-value-in-dictionary/,"CS
                          Subjects",1
https://www.geeksforgeeks.org/python-accessing-key-value-in-dictionary/,Video Tutorials,1
https://www.geeksforgeeks.org/python-accessing-key-value-in-dictionary/,Company-wise,1
https://www.geeksforgeeks.org/python-accessing-key-value-in-dictionary/,Topic-wise,1
https://www.geeksforgeeks.org/python-accessing-key-value-in-dictionary/,How to begin?,1
https://www.geeksforgeeks.org/python-accessing-key-value-in-dictionary/,Write an Article,1
https://www.geeksforgeeks.org/python-accessing-key-value-in-dictionary/,"Write Interview
                          Experience",1
https://www.geeksforgeeks.org/python-accessing-key-value-in-dictionary/,Internships,1
https://www.geeksforgeeks.org/python-accessing-key-value-in-dictionary/,Videos,1
https://www.geeksforgeeks.org/python-accessing-key-value-in-dictionary/,@geeksforgeeks,1
https://www.geeksforgeeks.org/python-accessing-key-value-in-dictionary/,Some rights reserved,1
https://www.geeksforgeeks.org/python-accessing-key-value-in-dictionary/,Cookie Policy,1
https://www.javatpoint.com/aptitude/quantitative,Home,1
https://www.javatpoint.com/aptitude/quantitative,Aptitude,1
https://www.javatpoint.com/aptitude/quantitative,Reasoning,1
https://www.javatpoint.com/aptitude/quantitative,Verbal Ability,1
https://www.javatpoint.com/aptitude/quantitative,C,1
https://www.javatpoint.com/aptitude/quantitative,C++,1
https://www.javatpoint.com/aptitude/quantitative,C#,1
https://www.javatpoint.com/aptitude/quantitative,Java,1
https://www.javatpoint.com/aptitude/quantitative,SQL,1
https://www.javatpoint.com/aptitude/quantitative,HTML,1
https://www.javatpoint.com/aptitude/quantitative,JavaScript,1
https://www.javatpoint.com/aptitude/quantitative,Quiz,1
https://www.javatpoint.com/aptitude/quantitative,Projects,1
https://www.javatpoint.com/aptitude/quantitative,Interview Q,1
https://www.javatpoint.com/aptitude/quantitative,Comment,1
https://www.javatpoint.com/aptitude/quantitative,Forum,1
https://www.javatpoint.com/aptitude/quantitative,Quantitative Aptitude,1
https://www.javatpoint.com/aptitude/quantitative,Average Tests,1
https://www.javatpoint.com/aptitude/quantitative,Average Concepts,1
https://www.javatpoint.com/aptitude/quantitative,Numbers Tests,1
https://www.javatpoint.com/aptitude/quantitative,Numbers Concepts,1
https://www.javatpoint.com/aptitude/quantitative,Compound Interest Tests,1
https://www.javatpoint.com/aptitude/quantitative,C Interest Concepts,1
https://www.javatpoint.com/aptitude/quantitative,Partnership Tests,1
https://www.javatpoint.com/aptitude/quantitative,Partnership Concepts,1
https://www.javatpoint.com/aptitude/quantitative,Ages Tests,1
https://www.javatpoint.com/aptitude/quantitative,Ages Concepts,1
https://www.javatpoint.com/aptitude/quantitative,Calendar Tests,1
https://www.javatpoint.com/aptitude/quantitative,Calendar Concepts,1
https://www.javatpoint.com/aptitude/quantitative,Boats and Streams Tests,1
https://www.javatpoint.com/aptitude/quantitative,Boats and Streams Concepts,1
https://www.javatpoint.com/aptitude/quantitative,Clocks Tests,1
https://www.javatpoint.com/aptitude/quantitative,Clocks Concepts,1
https://www.javatpoint.com/aptitude/quantitative,Height and Distance Tests,1
https://www.javatpoint.com/aptitude/quantitative,Height and Distance Concepts,1
https://www.javatpoint.com/aptitude/quantitative,Percentage Tests,1
https://www.javatpoint.com/aptitude/quantitative,Percentage Concepts,1
https://www.javatpoint.com/aptitude/quantitative,Pipes and Cisterns Tests,1
https://www.javatpoint.com/aptitude/quantitative,Pipes and Cisterns Concepts,1
https://www.javatpoint.com/aptitude/quantitative,Profit and Loss Tests,1
https://www.javatpoint.com/aptitude/quantitative,Profit and Loss Concepts,1
https://www.javatpoint.com/aptitude/quantitative,"Speed, Time & Distance Tests",1
https://www.javatpoint.com/aptitude/quantitative,"Speed, Time & Distance Concepts",1
https://www.javatpoint.com/aptitude/quantitative,Simple Interest Tests,1
https://www.javatpoint.com/aptitude/quantitative,Simple Interest Concepts,1
https://www.javatpoint.com/aptitude/quantitative,Problem on Trains Tests,1
https://www.javatpoint.com/aptitude/quantitative,Problem on Trains Concepts,1
https://www.javatpoint.com/aptitude/quantitative,Time & Work Tests,1
https://www.javatpoint.com/aptitude/quantitative,Time & Work Concepts,1
https://www.javatpoint.com/aptitude/quantitative,Alligation & Mixture Tests,1
https://www.javatpoint.com/aptitude/quantitative,Alligation & Mixture Concepts,1
https://www.javatpoint.com/aptitude/quantitative,Surds & Indices Tests,1
https://www.javatpoint.com/aptitude/quantitative,Surds & Indices Concepts,2
https://www.javatpoint.com/aptitude/quantitative,HCF & LCM Tests,1
https://www.javatpoint.com/aptitude/quantitative,HCF & LCM Concepts,1
https://www.javatpoint.com/aptitude/quantitative,Area Tests,1
https://www.javatpoint.com/aptitude/quantitative,Area Concepts,2
https://www.javatpoint.com/aptitude/quantitative,Ratio & Proportion Tests,1
https://www.javatpoint.com/aptitude/quantitative,Ratio & Proportion Concepts,1
https://www.javatpoint.com/aptitude/quantitative,Races & Games Tests,1
https://www.javatpoint.com/aptitude/quantitative,Races & Games Concepts,1
https://www.javatpoint.com/aptitude/quantitative,Probability Tests,1
https://www.javatpoint.com/aptitude/quantitative,Probability Concepts,2
https://www.javatpoint.com/aptitude/quantitative,Volume & Surface Area Tests,1
https://www.javatpoint.com/aptitude/quantitative,Volume & Surface Area Concepts,1
https://www.javatpoint.com/aptitude/quantitative,Decimal Fraction Tests,1
https://www.javatpoint.com/aptitude/quantitative,Decimal Fraction Concepts,2
https://www.javatpoint.com/aptitude/quantitative,next â†’,2
https://www.javatpoint.com/aptitude/quantitative,TCS,1
https://www.javatpoint.com/aptitude/quantitative,Wipro,1
https://www.javatpoint.com/aptitude/quantitative,Capgemini,1
https://www.javatpoint.com/aptitude/quantitative,Accenture,1
https://www.javatpoint.com/aptitude/quantitative,Infosys,1
https://www.javatpoint.com/aptitude/quantitative,IBM,1
https://www.javatpoint.com/aptitude/quantitative,Average,1
https://www.javatpoint.com/aptitude/quantitative,Number,1
https://www.javatpoint.com/aptitude/quantitative,Compound Interest,1
https://www.javatpoint.com/aptitude/quantitative,Partnership,1
https://www.javatpoint.com/aptitude/quantitative,Problem on Ages,1
https://www.javatpoint.com/aptitude/quantitative,Calendar,1
https://www.javatpoint.com/aptitude/quantitative,Boats and Streams,1
https://www.javatpoint.com/aptitude/quantitative,Clocks,1
https://www.javatpoint.com/aptitude/quantitative,Height and Distance,1
https://www.javatpoint.com/aptitude/quantitative,Percentage,1
https://www.javatpoint.com/aptitude/quantitative,Pipes and Cisterns,1
https://www.javatpoint.com/aptitude/quantitative,Profit and Loss,1
https://www.javatpoint.com/aptitude/quantitative,Speed and Distance,1
https://www.javatpoint.com/aptitude/quantitative,Simple Interest,1
https://www.javatpoint.com/aptitude/quantitative,Problem on Trains,1
https://www.javatpoint.com/aptitude/quantitative,Time and Work,1
https://www.javatpoint.com/aptitude/quantitative,Alligation and Mixture,1
https://www.javatpoint.com/aptitude/quantitative,Surds and Indices,1
https://www.javatpoint.com/aptitude/quantitative,HCF and LCM,1
https://www.javatpoint.com/aptitude/quantitative,Area,1
https://www.javatpoint.com/aptitude/quantitative,Ratio and Proportion,1
https://www.javatpoint.com/aptitude/quantitative,Races and Games,1
https://www.javatpoint.com/aptitude/quantitative,Probability,1
https://www.javatpoint.com/aptitude/quantitative,Volume and Surface Area,1
https://www.javatpoint.com/aptitude/quantitative,Decimal Fraction,1
https://www.javatpoint.com/aptitude/quantitative,Simplification,1
https://www.javatpoint.com/aptitude/quantitative,Stocks and Shares,1
https://www.javatpoint.com/aptitude/quantitative,Chain Rule,1
https://www.javatpoint.com/aptitude/quantitative,True and Banker's Discount,1
https://www.javatpoint.com/aptitude/quantitative,Logarithm,1
https://www.javatpoint.com/aptitude/quantitative,Square Roots and Cube Roots,1
https://www.javatpoint.com/aptitude/quantitative,Problem on Numbers,1
https://www.javatpoint.com/aptitude/quantitative,Odd Man Out and Series,1
https://www.javatpoint.com/aptitude/quantitative,Algebraic Expressions,1
https://www.javatpoint.com/aptitude/quantitative,Permutation & Combination,1
https://www.javatpoint.com/aptitude/quantitative,Average Aptitude Test 1,1
https://www.javatpoint.com/aptitude/quantitative,Average Aptitude Test 2,1
https://www.javatpoint.com/aptitude/quantitative,Average Aptitude Test 3,1
https://www.javatpoint.com/aptitude/quantitative,Average Aptitude Test 4,1
https://www.javatpoint.com/aptitude/quantitative,Average Aptitude Test 5,1
https://www.javatpoint.com/aptitude/quantitative,Average Aptitude Test 6,1
https://www.javatpoint.com/aptitude/quantitative,Average Aptitude Test 7,1
https://www.javatpoint.com/aptitude/quantitative,Average Aptitude Test 8,1
https://www.javatpoint.com/aptitude/quantitative,Average Aptitude Concepts,1
https://www.javatpoint.com/aptitude/quantitative,Numbers Aptitude Test 1,1
https://www.javatpoint.com/aptitude/quantitative,Numbers Aptitude Test 2,1
https://www.javatpoint.com/aptitude/quantitative,Numbers Aptitude Test 3,1
https://www.javatpoint.com/aptitude/quantitative,Numbers Aptitude Test 4,1
https://www.javatpoint.com/aptitude/quantitative,Numbers Aptitude Test 5,1
https://www.javatpoint.com/aptitude/quantitative,Numbers Aptitude Test 6,1
https://www.javatpoint.com/aptitude/quantitative,Numbers Aptitude Test 7,1
https://www.javatpoint.com/aptitude/quantitative,Numbers Aptitude Concepts,1
https://www.javatpoint.com/aptitude/quantitative,Compound interest Aptitude Test 1,1
https://www.javatpoint.com/aptitude/quantitative,Compound interest Aptitude Test 2,1
https://www.javatpoint.com/aptitude/quantitative,Compound interest Aptitude Concepts,1
https://www.javatpoint.com/aptitude/quantitative,Partnership Aptitude Test 1,1
https://www.javatpoint.com/aptitude/quantitative,Partnership Aptitude Test 2,1
https://www.javatpoint.com/aptitude/quantitative,Partnership Aptitude Test 3,1
https://www.javatpoint.com/aptitude/quantitative,Partnership interests Aptitude Concepts,1
https://www.javatpoint.com/aptitude/quantitative,Problem on ages Aptitude Test 1,1
https://www.javatpoint.com/aptitude/quantitative,Problem on ages Aptitude Test 2,1
https://www.javatpoint.com/aptitude/quantitative,Problem on ages Aptitude Test 3,1
https://www.javatpoint.com/aptitude/quantitative,Problem on ages Aptitude Test 4,1
https://www.javatpoint.com/aptitude/quantitative,Problem on ages Aptitude Test 5,1
https://www.javatpoint.com/aptitude/quantitative,Problem on ages Aptitude Concepts,1
https://www.javatpoint.com/aptitude/quantitative,Calendar Aptitude Test 1,1
https://www.javatpoint.com/aptitude/quantitative,Calendar Aptitude Test 2,1
https://www.javatpoint.com/aptitude/quantitative,Calendar Aptitude Concepts,1
https://www.javatpoint.com/aptitude/quantitative,Boats and Streams Aptitude Test 1,1
https://www.javatpoint.com/aptitude/quantitative,Boats and Streams Aptitude Test 2,1
https://www.javatpoint.com/aptitude/quantitative,Boats and Streams Aptitude Concepts,1
https://www.javatpoint.com/aptitude/quantitative,Clocks Aptitude Test 1,1
https://www.javatpoint.com/aptitude/quantitative,Clocks Aptitude Test 2,1
https://www.javatpoint.com/aptitude/quantitative,Clocks Aptitude Concepts,1
https://www.javatpoint.com/aptitude/quantitative,Height and Distance Aptitude Test 1,1
https://www.javatpoint.com/aptitude/quantitative,Height and Distance Aptitude Test 2,1
https://www.javatpoint.com/aptitude/quantitative,Height and Distance Aptitude Test 3,1
https://www.javatpoint.com/aptitude/quantitative,Height and Distance Aptitude Test 4,1
https://www.javatpoint.com/aptitude/quantitative,Height and Distance Aptitude Concepts,1
https://www.javatpoint.com/aptitude/quantitative,Percentage Aptitude Test 1,1
https://www.javatpoint.com/aptitude/quantitative,Percentage Aptitude Test 2,1
https://www.javatpoint.com/aptitude/quantitative,Percentage Aptitude Test 3,1
https://www.javatpoint.com/aptitude/quantitative,Percentage Aptitude Test 4,1
https://www.javatpoint.com/aptitude/quantitative,Percentage Aptitude Test 5,1
https://www.javatpoint.com/aptitude/quantitative,Percentage Aptitude Test 6,1
https://www.javatpoint.com/aptitude/quantitative,Percentage Aptitude Test 7,1
https://www.javatpoint.com/aptitude/quantitative,Percentage Aptitude Test 8,1
https://www.javatpoint.com/aptitude/quantitative,Percentage Aptitude Concepts,1
https://www.javatpoint.com/aptitude/quantitative,Pipes and Cisterns Aptitude Test 1,1
https://www.javatpoint.com/aptitude/quantitative,Pipes and Cisterns Aptitude Test 2,1
https://www.javatpoint.com/aptitude/quantitative,Pipes and Cisterns Aptitude Concepts,1
https://www.javatpoint.com/aptitude/quantitative,Profit and Loss Aptitude Test 1,1
https://www.javatpoint.com/aptitude/quantitative,Profit and Loss Aptitude Test 2,1
https://www.javatpoint.com/aptitude/quantitative,Profit and Loss Aptitude Test 3,1
https://www.javatpoint.com/aptitude/quantitative,Profit and Loss Aptitude Test 4,1
https://www.javatpoint.com/aptitude/quantitative,Profit and Loss Aptitude Test 5,1
https://www.javatpoint.com/aptitude/quantitative,Profit and Loss Aptitude Concepts,1
https://www.javatpoint.com/aptitude/quantitative,Speed Time and Distance Aptitude Test 1,1
https://www.javatpoint.com/aptitude/quantitative,Speed Time and Distance Aptitude Test 2,1
https://www.javatpoint.com/aptitude/quantitative,Speed Time and Distance Aptitude Test 3,1
https://www.javatpoint.com/aptitude/quantitative,Speed Time and Distance Aptitude Test 4,1
https://www.javatpoint.com/aptitude/quantitative,Speed Time and Distance Aptitude Test 5,1
https://www.javatpoint.com/aptitude/quantitative,Speed Time and Distance Aptitude Concepts,1
https://www.javatpoint.com/aptitude/quantitative,Simple interest Aptitude Test 1,1
https://www.javatpoint.com/aptitude/quantitative,Simple interest Aptitude Test 2,1
https://www.javatpoint.com/aptitude/quantitative,Simple interest Aptitude Concepts,1
https://www.javatpoint.com/aptitude/quantitative,Problem on Trains Aptitude Test 1,1
https://www.javatpoint.com/aptitude/quantitative,Problem on Trains Aptitude Test 2,1
https://www.javatpoint.com/aptitude/quantitative,Problem on Trains Aptitude Test 3,1
https://www.javatpoint.com/aptitude/quantitative,Problem on Trains Aptitude Test 4,1
https://www.javatpoint.com/aptitude/quantitative,Problem on Trains Aptitude Test 5,1
https://www.javatpoint.com/aptitude/quantitative,Problem on Trains Aptitude Concepts,1
https://www.javatpoint.com/aptitude/quantitative,Time and Work Aptitude Test 1,1
https://www.javatpoint.com/aptitude/quantitative,Time and Work Aptitude Test 2,1
https://www.javatpoint.com/aptitude/quantitative,Time and Work Aptitude Test 3,1
https://www.javatpoint.com/aptitude/quantitative,Time and Work Aptitude Test 4,1
https://www.javatpoint.com/aptitude/quantitative,Time and Work Aptitude Test 5,1
https://www.javatpoint.com/aptitude/quantitative,Time and Work Aptitude Test 6,1
https://www.javatpoint.com/aptitude/quantitative,Time and Work Aptitude Test 7,1
https://www.javatpoint.com/aptitude/quantitative,Time and Work Aptitude Test 8,1
https://www.javatpoint.com/aptitude/quantitative,Time and Work Aptitude Test 9,1
https://www.javatpoint.com/aptitude/quantitative,Time and Work Aptitude Concepts,1
https://www.javatpoint.com/aptitude/quantitative,Alligation and Mixture Test 1,1
https://www.javatpoint.com/aptitude/quantitative,Alligation and Mixture Aptitude Test 2,1
https://www.javatpoint.com/aptitude/quantitative,Alligation and Mixture Aptitude Concepts,1
https://www.javatpoint.com/aptitude/quantitative,Surds & Indices Test 1,1
https://www.javatpoint.com/aptitude/quantitative,Surds & Indices Test 2,1
https://www.javatpoint.com/aptitude/quantitative,Surds & Indices Test 3,1
https://www.javatpoint.com/aptitude/quantitative,Surds & Indices Test 4,1
https://www.javatpoint.com/aptitude/quantitative,HCF and LCM Test 1,1
https://www.javatpoint.com/aptitude/quantitative,HCF and LCM Test 2,1
https://www.javatpoint.com/aptitude/quantitative,HCF and LCM Test 3,1
https://www.javatpoint.com/aptitude/quantitative,HCF and LCM Test 4,1
https://www.javatpoint.com/aptitude/quantitative,HCF and LCM Test 5,1
https://www.javatpoint.com/aptitude/quantitative,HCF and LCM Concepts,1
https://www.javatpoint.com/aptitude/quantitative,Area Aptitude Test 1,1
https://www.javatpoint.com/aptitude/quantitative,Area Aptitude Test 2,1
https://www.javatpoint.com/aptitude/quantitative,Area Aptitude Test 3,1
https://www.javatpoint.com/aptitude/quantitative,Area Aptitude Test 4,1
https://www.javatpoint.com/aptitude/quantitative,Area Aptitude Test 5,1
https://www.javatpoint.com/aptitude/quantitative,Area Aptitude Test 6,1
https://www.javatpoint.com/aptitude/quantitative,Area Aptitude Test 7,1
https://www.javatpoint.com/aptitude/quantitative,Area Aptitude Test 8,1
https://www.javatpoint.com/aptitude/quantitative,Ratio and Proportion Test 1,1
https://www.javatpoint.com/aptitude/quantitative,Ratio and Proportion Test 2,1
https://www.javatpoint.com/aptitude/quantitative,Ratio and Proportion Test 3,1
https://www.javatpoint.com/aptitude/quantitative,Ratio and Proportion Test 4,1
https://www.javatpoint.com/aptitude/quantitative,Ratio and Proportion Concepts,1
https://www.javatpoint.com/aptitude/quantitative,Races and Games Test 1,1
https://www.javatpoint.com/aptitude/quantitative,Races and Games Test 2,1
https://www.javatpoint.com/aptitude/quantitative,Races and Games Test 3,1
https://www.javatpoint.com/aptitude/quantitative,Races and Games Concepts,1
https://www.javatpoint.com/aptitude/quantitative,Probability Test 1,1
https://www.javatpoint.com/aptitude/quantitative,Probability Test 2,1
https://www.javatpoint.com/aptitude/quantitative,Probability Test 3,1
https://www.javatpoint.com/aptitude/quantitative,Volume and Surface Area Test 1,1
https://www.javatpoint.com/aptitude/quantitative,Volume and Surface Area Test 2,1
https://www.javatpoint.com/aptitude/quantitative,Volume and Surface Area Test 3,1
https://www.javatpoint.com/aptitude/quantitative,Volume and Surface Area Test 4,1
https://www.javatpoint.com/aptitude/quantitative,Volume and Surface Area Test 5,1
https://www.javatpoint.com/aptitude/quantitative,Volume and Surface Area Concepts,1
https://www.javatpoint.com/aptitude/quantitative,Aptitude Decimal Fraction Test Paper 1,1
https://www.javatpoint.com/aptitude/quantitative,Aptitude Decimal Fraction Test Paper 2,1
https://www.javatpoint.com/aptitude/quantitative,Aptitude Decimal Fraction Test Paper 3,1
https://www.javatpoint.com/aptitude/quantitative,Aptitude Decimal Fraction Test Paper 4,1
https://www.javatpoint.com/aptitude/quantitative,Aptitude Decimal Fraction Test Paper 5,1
https://www.javatpoint.com/aptitude/quantitative,Aptitude Simplification Test Paper 1,1
https://www.javatpoint.com/aptitude/quantitative,Aptitude Simplification Test Paper 2,1
https://www.javatpoint.com/aptitude/quantitative,Aptitude Simplification Test Paper 3,1
https://www.javatpoint.com/aptitude/quantitative,Simplification Concepts,1
https://www.javatpoint.com/aptitude/quantitative,Aptitude Stocks and Shares Test Paper 1,1
https://www.javatpoint.com/aptitude/quantitative,Aptitude Stocks and Shares Test Paper 2,1
https://www.javatpoint.com/aptitude/quantitative,Aptitude Stocks and Shares Test Paper 3,1
https://www.javatpoint.com/aptitude/quantitative,Aptitude Stocks and Shares Test Paper 4,1
https://www.javatpoint.com/aptitude/quantitative,Stocks and Shares Concepts,1
https://www.javatpoint.com/aptitude/quantitative,Aptitude Chain Rule Test Paper 1,1
https://www.javatpoint.com/aptitude/quantitative,Aptitude Chain Rule Test Paper 2,1
https://www.javatpoint.com/aptitude/quantitative,Aptitude Chain Rule Test Paper 3,1
https://www.javatpoint.com/aptitude/quantitative,Chain Rule Concepts,1
https://www.javatpoint.com/aptitude/quantitative,Aptitude True Discount and Banker's Discount Test Paper 1,1
https://www.javatpoint.com/aptitude/quantitative,Aptitude True Discount and Banker's Discount Test Paper 2,1
https://www.javatpoint.com/aptitude/quantitative,Aptitude True Discount and Banker's Discount Test Paper 3,1
https://www.javatpoint.com/aptitude/quantitative,True Discount and Banker's Discount Concepts,1
https://www.javatpoint.com/aptitude/quantitative,Aptitude Logarithm Test Paper 1,1
https://www.javatpoint.com/aptitude/quantitative,Aptitude Logarithm Test Paper 2,1
https://www.javatpoint.com/aptitude/quantitative,Aptitude Logarithm Test Paper 3,1
https://www.javatpoint.com/aptitude/quantitative,Aptitude Logarithm Test Paper 4,1
https://www.javatpoint.com/aptitude/quantitative,Logarithm Concepts,1
https://www.javatpoint.com/aptitude/quantitative,Aptitude Square Roots and Cube Roots Test Paper 1,1
https://www.javatpoint.com/aptitude/quantitative,Aptitude Square Roots and Cube Roots Test Paper 2,1
https://www.javatpoint.com/aptitude/quantitative,Aptitude Square Roots and Cube Roots Test Paper 3,1
https://www.javatpoint.com/aptitude/quantitative,Aptitude Square Roots and Cube Roots Test Paper 4,1
https://www.javatpoint.com/aptitude/quantitative,Square Roots and Cube Roots Concepts,1
https://www.javatpoint.com/aptitude/quantitative,Aptitude Problems on Numbers Test Paper 1,1
https://www.javatpoint.com/aptitude/quantitative,Aptitude Problems on Numbers Test Paper 2,1
https://www.javatpoint.com/aptitude/quantitative,Aptitude Problems on Numbers Test Paper 3,1
https://www.javatpoint.com/aptitude/quantitative,Aptitude Problems on Numbers Test Paper 4,1
https://www.javatpoint.com/aptitude/quantitative,Problems on Numbers Concepts,1
https://www.javatpoint.com/aptitude/quantitative,Aptitude Odd Man Out and Series Test Paper 1,1
https://www.javatpoint.com/aptitude/quantitative,Aptitude Odd Man Out and Series Test Paper 2,1
https://www.javatpoint.com/aptitude/quantitative,Aptitude Odd Man Out and Series Test Paper 3,1
https://www.javatpoint.com/aptitude/quantitative,Odd Man Out and Series Concepts,1
https://www.javatpoint.com/aptitude/quantitative,Aptitude Algebraic Expressions Test Paper 1,1
https://www.javatpoint.com/aptitude/quantitative,Aptitude Algebraic Expressions Test Paper 2,1
https://www.javatpoint.com/aptitude/quantitative,Aptitude Algebraic Expressions Test Paper 3,1
https://www.javatpoint.com/aptitude/quantitative,Aptitude Algebraic Expressions Test Paper 4,1
https://www.javatpoint.com/aptitude/quantitative,Algebraic Expressions Concepts,1
https://www.javatpoint.com/aptitude/quantitative,Permutation and Combination Test Paper 1,1
https://www.javatpoint.com/aptitude/quantitative,Permutation and Combination Test Paper 2,1
https://www.javatpoint.com/aptitude/quantitative,Permutation and Combination Concepts,1
https://www.javatpoint.com/aptitude/quantitative, Join Now,1
https://www.javatpoint.com/aptitude/quantitative,Learn Java,1
https://www.javatpoint.com/aptitude/quantitative,Learn Data Structures,1
https://www.javatpoint.com/aptitude/quantitative,Learn C Programming,1
https://www.javatpoint.com/aptitude/quantitative,Learn C++ Tutorial,1
https://www.javatpoint.com/aptitude/quantitative,Learn C# Tutorial,1
https://www.javatpoint.com/aptitude/quantitative,Learn PHP Tutorial,1
https://www.javatpoint.com/aptitude/quantitative,Learn HTML Tutorial,1
https://www.javatpoint.com/aptitude/quantitative,Learn JavaScript Tutorial,1
https://www.javatpoint.com/aptitude/quantitative,Learn jQuery Tutorial,1
https://www.javatpoint.com/aptitude/quantitative,Learn Spring Tutorial,1
https://www.javatpoint.com/aptitude/quantitative,Javatpoint.com,1
https://www.javatpoint.com/aptitude/quantitative,Hindi100.com,1
https://www.javatpoint.com/aptitude/quantitative,Lyricsia.com,1
https://www.javatpoint.com/aptitude/quantitative,Quoteperson.com,1
https://www.javatpoint.com/aptitude/quantitative,Jobandplacement.com,1
https://www.javatpoint.com/aptitude/quantitative,Contact Us,1
https://www.javatpoint.com/aptitude/quantitative,Subscribe Us,1
https://www.javatpoint.com/aptitude/quantitative,Privacy Policy,1
https://www.javatpoint.com/aptitude/quantitative,Sitemap,1
https://www.javatpoint.com/aptitude/quantitative,About Me,1
